date,ffn_forecast
2018-01-23,0.10309728
2018-01-24,0.103013396
2018-01-25,0.106993474
2018-01-26,0.10647388
2018-01-27,0.10352701
2018-01-28,0.10351514
2018-01-29,0.10346223
2018-01-30,0.12250692
2018-01-31,0.12800382
2018-02-01,0.12058833
2018-02-02,0.12536731
2018-02-03,0.14550765
2018-02-04,0.1479401
2018-02-05,0.13645343
2018-02-06,0.21915036
2018-02-07,0.19021894
2018-02-08,0.18771988
2018-02-09,0.21004362
2018-02-10,0.18589151
2018-02-11,0.18652762
2018-02-12,0.1864675
2018-02-13,0.17556113
2018-02-14,0.176759
2018-02-15,0.14649375
2018-02-16,0.14756894
2018-02-17,0.15089543
2018-02-18,0.15422447
2018-02-19,0.14781962
2018-02-20,0.15648675
2018-02-21,0.1571551
2018-02-22,0.15155502
2018-02-23,0.15250906
2018-02-24,0.13873579
2018-02-25,0.14055979
2018-02-26,0.13225473
2018-02-27,0.13357653
2018-02-28,0.15126613
2018-03-01,0.1599856
2018-03-02,0.16433577
2018-03-03,0.15717906
2018-03-04,0.15673217
2018-03-05,0.16114652
2018-03-06,0.17006545
2018-03-07,0.1641758
2018-03-08,0.15859683
2018-03-09,0.1430364
2018-03-10,0.13017698
2018-03-11,0.12916335
2018-03-12,0.12910247
2018-03-13,0.13640681
2018-03-14,0.1399815
2018-03-15,0.14718273
2018-03-16,0.1395597
2018-03-17,0.13518026
2018-03-18,0.13579011
2018-03-19,0.13488123
2018-03-20,0.17251079
2018-03-21,0.15862933
2018-03-22,0.15503462
2018-03-23,0.16474612
2018-03-24,0.17336363
2018-03-25,0.17302793
2018-03-26,0.17320383
2018-03-27,0.17354915
2018-03-28,0.17254934
2018-03-29,0.18328759
2018-03-30,0.16690192
2018-03-31,0.17007191
2018-04-01,0.17378306
2018-04-02,0.17835444
2018-04-03,0.21000122
2018-04-04,0.18301132
2018-04-05,0.16966167
2018-04-06,0.16470279
2018-04-07,0.1901879
2018-04-08,0.19285217
2018-04-09,0.1983155
2018-04-10,0.20258352
2018-04-11,0.17618762
2018-04-12,0.17654134
2018-04-13,0.16509576
2018-04-14,0.15463658
2018-04-15,0.15105943
2018-04-16,0.15175556
2018-04-17,0.14504008
2018-04-18,0.13248941
2018-04-19,0.13774773
2018-04-20,0.14265157
2018-04-21,0.14886642
2018-04-22,0.14756699
2018-04-23,0.14904457
2018-04-24,0.14695999
2018-04-25,0.15751638
2018-04-26,0.15770547
2018-04-27,0.14636858
2018-04-28,0.13867825
2018-04-29,0.13875437
2018-04-30,0.1389457
2018-05-01,0.14195946
2018-05-02,0.13826624
2018-05-03,0.14031228
2018-05-04,0.14433348
2018-05-05,0.13406825
2018-05-06,0.1399557
2018-05-07,0.13763957
2018-05-08,0.13081121
2018-05-09,0.13107613
2018-05-10,0.12139064
2018-05-11,0.11947272
2018-05-12,0.11495471
2018-05-13,0.117096685
2018-05-14,0.11465739
2018-05-15,0.12044391
2018-05-16,0.1337051
2018-05-17,0.122092545
2018-05-18,0.12001326
2018-05-19,0.12215567
2018-05-20,0.12162413
2018-05-21,0.11945913
2018-05-22,0.11860941
2018-05-23,0.11889899
2018-05-24,0.11780111
2018-05-25,0.1119138
2018-05-26,0.11870858
2018-05-27,0.118076205
2018-05-28,0.11750782
2018-05-29,0.117906965
2018-05-30,0.15175521
2018-05-31,0.13244155
2018-06-01,0.13502115
2018-06-02,0.1212183
2018-06-03,0.121282324
2018-06-04,0.11780664
2018-06-05,0.11216839
2018-06-06,0.10969044
2018-06-07,0.103370324
2018-06-08,0.10780429
2018-06-09,0.111019
2018-06-10,0.11456132
2018-06-11,0.11552967
2018-06-12,0.114881694
2018-06-13,0.11713574
2018-06-14,0.11918924
2018-06-15,0.10939856
2018-06-16,0.10713309
2018-06-17,0.10781177
2018-06-18,0.109449
2018-06-19,0.10983653
2018-06-20,0.12298998
2018-06-21,0.11852618
2018-06-22,0.12862742
2018-06-23,0.122512564
2018-06-24,0.12221594
2018-06-25,0.12255216
2018-06-26,0.15216939
2018-06-27,0.14583212
2018-06-28,0.1505963
2018-06-29,0.14897701
2018-06-30,0.13901412
2018-07-01,0.14053881
2018-07-02,0.14224482
2018-07-03,0.13553905
2018-07-04,0.13933085
2018-07-05,0.13844879
2018-07-06,0.12999511
2018-07-07,0.12083688
2018-07-08,0.12019927
2018-07-09,0.12059215
2018-07-10,0.113965034
2018-07-11,0.1129114
2018-07-12,0.11936983
2018-07-13,0.11272603
2018-07-14,0.10941117
2018-07-15,0.10909804
2018-07-16,0.11045669
2018-07-17,0.11435719
2018-07-18,0.10904972
2018-07-19,0.108437926
2018-07-20,0.11337149
2018-07-21,0.116290435
2018-07-22,0.11523062
2018-07-23,0.1175936
2018-07-24,0.11265398
2018-07-25,0.11161065
2018-07-26,0.11101407
2018-07-27,0.11024443
2018-07-28,0.11747786
2018-07-29,0.118498355
2018-07-30,0.11889864
2018-07-31,0.13223141
2018-08-01,0.115162954
2018-08-02,0.1160199
2018-08-03,0.11271044
2018-08-04,0.1054712
2018-08-05,0.10607642
2018-08-06,0.10741077
2018-08-07,0.10441227
2018-08-08,0.09939035
2018-08-09,0.09824667
2018-08-10,0.10201989
2018-08-11,0.11659131
2018-08-12,0.11447133
2018-08-13,0.118699536
2018-08-14,0.12860729
2018-08-15,0.115787014
2018-08-16,0.12443063
2018-08-17,0.11623278
2018-08-18,0.11210598
2018-08-19,0.11437745
2018-08-20,0.114374846
2018-08-21,0.10984501
2018-08-22,0.114547275
2018-08-23,0.10813701
2018-08-24,0.11182827
2018-08-25,0.10781239
2018-08-26,0.11236255
2018-08-27,0.10875498
2018-08-28,0.110943936
2018-08-29,0.11927189
2018-08-30,0.110783696
2018-08-31,0.11997369
2018-09-01,0.1173805
2018-09-02,0.11258452
2018-09-03,0.115868196
2018-09-04,0.11707109
2018-09-05,0.116266415
2018-09-06,0.12267031
2018-09-07,0.12911785
2018-09-08,0.13061753
2018-09-09,0.1313861
2018-09-10,0.13139503
2018-09-11,0.1245211
2018-09-12,0.11771012
2018-09-13,0.11681416
2018-09-14,0.110544704
2018-09-15,0.10793077
2018-09-16,0.107564434
2018-09-17,0.11018239
2018-09-18,0.121462286
2018-09-19,0.1141485
2018-09-20,0.1057587
2018-09-21,0.1053488
2018-09-22,0.10536734
2018-09-23,0.10466328
2018-09-24,0.10852009
2018-09-25,0.10936272
2018-09-26,0.109982006
2018-09-27,0.11524864
2018-09-28,0.11076898
2018-09-29,0.10751947
2018-09-30,0.10830173
2018-10-01,0.10863412
2018-10-02,0.11365344
2018-10-03,0.10988828
2018-10-04,0.10548392
2018-10-05,0.12551023
2018-10-06,0.13125548
2018-10-07,0.131273
2018-10-08,0.1354923
2018-10-09,0.1358433
2018-10-10,0.14304435
2018-10-11,0.1786728
2018-10-12,0.18754303
2018-10-13,0.17033723
2018-10-14,0.16900353
2018-10-15,0.16990462
2018-10-16,0.17019057
2018-10-17,0.14681233
2018-10-18,0.148212
2018-10-19,0.16346195
2018-10-20,0.16012856
2018-10-21,0.16042054
2018-10-22,0.15996335
2018-10-23,0.15901902
2018-10-24,0.16772123
2018-10-25,0.19040142
2018-10-26,0.18646577
2018-10-27,0.1861948
2018-10-28,0.18803209
2018-10-29,0.195734
2018-10-30,0.2065027
2018-10-31,0.18114653
2018-11-01,0.16880734
2018-11-02,0.17126693
2018-11-03,0.1748324
2018-11-04,0.17408445
2018-11-05,0.18411733
2018-11-06,0.17204551
2018-11-07,0.17156582
2018-11-08,0.1420551
2018-11-09,0.14451677
2018-11-10,0.14819512
2018-11-11,0.14837882
2018-11-12,0.14864653
2018-11-13,0.1703304
2018-11-14,0.16538544
2018-11-15,0.17323238
2018-11-16,0.16408232
2018-11-17,0.15137616
2018-11-18,0.15148327
2018-11-19,0.1519909
2018-11-20,0.16839847
2018-11-21,0.18467584
2018-11-22,0.17316008
2018-11-23,0.17140514
2018-11-24,0.17812409
2018-11-25,0.18176495
2018-11-26,0.19190294
2018-11-27,0.1651549
2018-11-28,0.15982743
2018-11-29,0.15525496
2018-11-30,0.16456525
2018-12-01,0.15390679
2018-12-02,0.15413737
2018-12-03,0.15698178
2018-12-04,0.15085852
2018-12-05,0.18052137
2018-12-06,0.1756495
2018-12-07,0.18683472
2018-12-08,0.2058325
2018-12-09,0.20924504
2018-12-10,0.21044904
2018-12-11,0.19282182
2018-12-12,0.18804546
2018-12-13,0.18309979
2018-12-14,0.17961197
2018-12-15,0.18569249
2018-12-16,0.18633413
2018-12-17,0.19473554
2018-12-18,0.22097178
2018-12-19,0.21696499
2018-12-20,0.22018647
2018-12-21,0.25772518
2018-12-22,0.30040574
2018-12-23,0.2729425
2018-12-24,0.31607533
2018-12-25,0.37830317
2018-12-26,0.3809354
2018-12-27,0.25638103
2018-12-28,0.25475597
2018-12-29,0.2552391
2018-12-30,0.25117484
2018-12-31,0.26226175
2019-01-01,0.24812281
2019-01-02,0.2504915
2019-01-03,0.15040734
2019-01-04,0.14429988
2019-01-05,0.1375266
2019-01-06,0.16011213
2019-01-07,0.12953696
2019-01-08,0.13948429
2019-01-09,0.1242705
2019-01-10,0.1404686
2019-01-11,0.13234755
2019-01-12,0.12329894
2019-01-13,0.12235594
2019-01-14,0.13266793
2019-01-15,0.12031476
2019-01-16,0.14147371
2019-01-17,0.1304338
2019-01-18,0.12684625
2019-01-19,0.12779774
2019-01-20,0.13669538
2019-01-21,0.122878365
2019-01-22,0.11625297
2019-01-23,0.14716084
2019-01-24,0.14387153
2019-01-25,0.14185761
2019-01-26,0.13681445
2019-01-27,0.1364237
2019-01-28,0.114742965
2019-01-29,0.14590043
2019-01-30,0.14998071
2019-01-31,0.13075128
2019-02-01,0.12675022
2019-02-02,0.12756373
2019-02-03,0.13020957
2019-02-04,0.12350765
2019-02-05,0.11685763
2019-02-06,0.123068586
2019-02-07,0.11740843
2019-02-08,0.12602842
2019-02-09,0.12490833
2019-02-10,0.12969887
2019-02-11,0.12313941
2019-02-12,0.12994693
2019-02-13,0.12931769
2019-02-14,0.12214443
2019-02-15,0.1341979
2019-02-16,0.12485862
2019-02-17,0.12971792
2019-02-18,0.13222589
2019-02-19,0.12453288
2019-02-20,0.12395288
2019-02-21,0.12106865
2019-02-22,0.12732887
2019-02-23,0.1191077
2019-02-24,0.119757704
2019-02-25,0.12483568
2019-02-26,0.13041036
2019-02-27,0.13169093
2019-02-28,0.12880476
2019-03-01,0.12904659
2019-03-02,0.1207249
2019-03-03,0.12110995
2019-03-04,0.120242566
2019-03-05,0.13363291
2019-03-06,0.13123375
2019-03-07,0.1414704
2019-03-08,0.14700288
2019-03-09,0.1437057
2019-03-10,0.14430594
2019-03-11,0.14038873
2019-03-12,0.12662816
2019-03-13,0.123597726
2019-03-14,0.121468745
2019-03-15,0.1213373
2019-03-16,0.11732365
2019-03-17,0.11732697
2019-03-18,0.11786626
2019-03-19,0.11692589
2019-03-20,0.11999717
2019-03-21,0.11960513
2019-03-22,0.121530436
2019-03-23,0.14011268
2019-03-24,0.13844301
2019-03-25,0.13645092
2019-03-26,0.14044839
2019-03-27,0.13263017
2019-03-28,0.13598427
2019-03-29,0.12903005
2019-03-30,0.11972422
2019-03-31,0.11971498
2019-04-01,0.12135372
2019-04-02,0.11713295
2019-04-03,0.1162092
2019-04-04,0.11667162
2019-04-05,0.1183297
2019-04-06,0.110997625
2019-04-07,0.11412736
2019-04-08,0.11596562
2019-04-09,0.11396162
2019-04-10,0.122515395
2019-04-11,0.1154934
2019-04-12,0.11260154
2019-04-13,0.106147535
2019-04-14,0.105710976
2019-04-15,0.11222461
2019-04-16,0.108391695
2019-04-17,0.10728577
2019-04-18,0.11026186
2019-04-19,0.10595839
2019-04-20,0.1059614
2019-04-21,0.10591748
2019-04-22,0.10720979
2019-04-23,0.11025265
2019-04-24,0.104072206
2019-04-25,0.10963066
2019-04-26,0.11144786
2019-04-27,0.10708974
2019-04-28,0.10652517
2019-04-29,0.108984455
2019-04-30,0.11119058
2019-05-01,0.11005548
2019-05-02,0.12770276
2019-05-03,0.12696406
2019-05-04,0.11115375
2019-05-05,0.11173582
2019-05-06,0.1133075
2019-05-07,0.13065523
2019-05-08,0.18415181
2019-05-09,0.18133272
2019-05-10,0.18155614
2019-05-11,0.15957507
2019-05-12,0.15778889
2019-05-13,0.15698785
2019-05-14,0.20039909
2019-05-15,0.1523962
2019-05-16,0.13583721
2019-05-17,0.12355762
2019-05-18,0.12942111
2019-05-19,0.12993975
2019-05-20,0.12994283
2019-05-21,0.13929471
2019-05-22,0.12877916
2019-05-23,0.13073133
2019-05-24,0.14481877
2019-05-25,0.13617025
2019-05-26,0.13567
2019-05-27,0.13668239
2019-05-28,0.13922204
2019-05-29,0.14791155
2019-05-30,0.14941938
2019-05-31,0.14454816
2019-06-01,0.15261944
2019-06-02,0.15256928
2019-06-03,0.1507834
2019-06-04,0.13818994
2019-06-05,0.13639046
2019-06-06,0.1338141
2019-06-07,0.13687617
2019-06-08,0.1411176
2019-06-09,0.13819413
2019-06-10,0.13879764
2019-06-11,0.13639846
2019-06-12,0.13644029
2019-06-13,0.13573116
2019-06-14,0.13540848
2019-06-15,0.13300033
2019-06-16,0.13399835
2019-06-17,0.13468471
2019-06-18,0.13105151
2019-06-19,0.13325267
2019-06-20,0.124916665
2019-06-21,0.12963809
2019-06-22,0.13610178
2019-06-23,0.13461533
2019-06-24,0.13783021
2019-06-25,0.13495699
2019-06-26,0.14104588
2019-06-27,0.13851519
2019-06-28,0.1384406
2019-06-29,0.12747175
2019-06-30,0.12832524
2019-07-01,0.12752777
2019-07-02,0.12251469
2019-07-03,0.11065811
2019-07-04,0.11200314
2019-07-05,0.11038771
2019-07-06,0.10811426
2019-07-07,0.10888262
2019-07-08,0.112154335
2019-07-09,0.112389736
2019-07-10,0.11271721
2019-07-11,0.10499267
2019-07-12,0.1064937
2019-07-13,0.10131356
2019-07-14,0.103943974
2019-07-15,0.100858286
2019-07-16,0.103137136
2019-07-17,0.11473708
2019-07-18,0.122793
2019-07-19,0.119061306
2019-07-20,0.12603894
2019-07-21,0.12600306
2019-07-22,0.12752095
2019-07-23,0.11931541
2019-07-24,0.11445308
2019-07-25,0.10684238
2019-07-26,0.11189781
2019-07-27,0.110816404
2019-07-28,0.11382176
2019-07-29,0.11151214
2019-07-30,0.11444785
2019-07-31,0.12697524
2019-08-01,0.14897287
2019-08-02,0.16213349
2019-08-03,0.15465556
2019-08-04,0.15311204
2019-08-05,0.15480334
2019-08-06,0.22873864
2019-08-07,0.1708107
2019-08-08,0.16914263
2019-08-09,0.14074536
2019-08-10,0.15399161
2019-08-11,0.15055427
2019-08-12,0.15510568
2019-08-13,0.194015
2019-08-14,0.14169982
2019-08-15,0.21183573
2019-08-16,0.18913628
2019-08-17,0.1521415
2019-08-18,0.15044567
2019-08-19,0.149447
2019-08-20,0.13242704
2019-08-21,0.15126549
2019-08-22,0.13814251
2019-08-23,0.1462221
2019-08-24,0.18099293
2019-08-25,0.183224
2019-08-26,0.18276663
2019-08-27,0.17138895
2019-08-28,0.17561865
2019-08-29,0.15587448
2019-08-30,0.14645042
2019-08-31,0.15684384
2019-09-01,0.1583497
2019-09-02,0.1616054
2019-09-03,0.16218244
2019-09-04,0.15498547
2019-09-05,0.14258198
2019-09-06,0.13543555
2019-09-07,0.1251504
2019-09-08,0.12573647
2019-09-09,0.12512878
2019-09-10,0.12847206
2019-09-11,0.12815388
2019-09-12,0.12451991
2019-09-13,0.12023392
2019-09-14,0.11680175
2019-09-15,0.11680494
2019-09-16,0.11669879
2019-09-17,0.12241458
2019-09-18,0.121161684
2019-09-19,0.11678086
2019-09-20,0.12459005
2019-09-21,0.12820935
2019-09-22,0.12671441
2019-09-23,0.12688111
2019-09-24,0.122967064
2019-09-25,0.1441254
2019-09-26,0.12930624
2019-09-27,0.13696614
2019-09-28,0.14564623
2019-09-29,0.14570956
2019-09-30,0.14604034
2019-10-01,0.1380487
2019-10-02,0.14836538
2019-10-03,0.1688031
2019-10-04,0.15096575
2019-10-05,0.14236975
2019-10-06,0.1449883
2019-10-07,0.14476898
2019-10-08,0.15131186
2019-10-09,0.16853635
2019-10-10,0.15312058
2019-10-11,0.14516231
2019-10-12,0.1267392
2019-10-13,0.12628435
2019-10-14,0.12599501
2019-10-15,0.11566435
2019-10-16,0.1044512
2019-10-17,0.10946101
2019-10-18,0.11366108
2019-10-19,0.1125428
2019-10-20,0.11244349
2019-10-21,0.11235115
2019-10-22,0.123317726
2019-10-23,0.12741117
2019-10-24,0.12253825
2019-10-25,0.11964816
2019-10-26,0.11319512
2019-10-27,0.11317858
2019-10-28,0.11782345
2019-10-29,0.114256315
2019-10-30,0.11799876
2019-10-31,0.11073035
2019-11-01,0.118045524
2019-11-02,0.1065866
2019-11-03,0.11091308
2019-11-04,0.111412406
2019-11-05,0.11042154
2019-11-06,0.115708336
2019-11-07,0.107591935
2019-11-08,0.11052207
2019-11-09,0.108070046
2019-11-10,0.10794431
2019-11-11,0.10762051
2019-11-12,0.11060451
2019-11-13,0.11019935
2019-11-14,0.11274908
2019-11-15,0.112883754
2019-11-16,0.106733225
2019-11-17,0.10624297
2019-11-18,0.10777563
2019-11-19,0.10550111
2019-11-20,0.10878021
2019-11-21,0.10955902
2019-11-22,0.1138896
2019-11-23,0.10731331
2019-11-24,0.10653305
2019-11-25,0.1076718
2019-11-26,0.10246877
2019-11-27,0.10021989
2019-11-28,0.101411104
2019-11-29,0.102919616
2019-11-30,0.10950579
2019-12-01,0.108002
2019-12-02,0.10966926
2019-12-03,0.12850317
2019-12-04,0.13885413
2019-12-05,0.1295101
2019-12-06,0.12696862
2019-12-07,0.12136941
2019-12-08,0.12223547
2019-12-09,0.12408139
2019-12-10,0.13779943
2019-12-11,0.1363749
2019-12-12,0.13151973
2019-12-13,0.12433223
2019-12-14,0.1166247
2019-12-15,0.11555895
2019-12-16,0.11430494
2019-12-17,0.1081176
2019-12-18,0.112762935
2019-12-19,0.10930716
2019-12-20,0.10820907
2019-12-21,0.114881195
2019-12-22,0.11609263
2019-12-23,0.11960442
2019-12-24,0.11299556
2019-12-25,0.11080287
2019-12-26,0.10684199
2019-12-27,0.114647806
2019-12-28,0.12001438
2019-12-29,0.11965064
2019-12-30,0.12682083
2019-12-31,0.13209501
2020-01-01,0.1221477
2020-01-02,0.12476727
2020-01-03,0.10999155
2020-01-04,0.1165144
2020-01-05,0.12328896
2020-01-06,0.12063917
2020-01-07,0.11789682
2020-01-08,0.114567265
2020-01-09,0.111574754
2020-01-10,0.10396698
2020-01-11,0.10429406
2020-01-12,0.10640758
2020-01-13,0.10846513
2020-01-14,0.10462915
2020-01-15,0.10430886
2020-01-16,0.104163855
2020-01-17,0.103138074
2020-01-18,0.10103442
2020-01-19,0.101491705
2020-01-20,0.105529316
2020-01-21,0.101820946
2020-01-22,0.10758631
2020-01-23,0.107977696
2020-01-24,0.107665114
2020-01-25,0.121476375
2020-01-26,0.12210411
2020-01-27,0.12521127
2020-01-28,0.15774521
2020-01-29,0.1387595
2020-01-30,0.13956146
2020-01-31,0.1360335
2020-02-01,0.16800824
2020-02-02,0.16627438
2020-02-03,0.168312
2020-02-04,0.15615161
2020-02-05,0.13590235
2020-02-06,0.12891263
2020-02-07,0.12668762
2020-02-08,0.13222405
2020-02-09,0.13084958
2020-02-10,0.13150293
2020-02-11,0.1276683
2020-02-12,0.13067591
2020-02-13,0.115029305
2020-02-14,0.11917361
2020-02-15,0.11461513
2020-02-16,0.11482099
2020-02-17,0.11674594
2020-02-18,0.11483653
2020-02-19,0.12459399
2020-02-20,0.120262064
2020-02-21,0.13347541
2020-02-22,0.14736722
2020-02-23,0.14732093
2020-02-24,0.14751925
2020-02-25,0.21623147
2020-02-26,0.21637455
2020-02-27,0.21343538
2020-02-28,0.2831748
2020-02-29,0.37109149
2020-03-01,0.37431216
2020-03-02,0.37111205
2020-03-03,0.25784427
2020-03-04,0.28251663
2020-03-05,0.2532223
2020-03-06,0.3034233
2020-03-07,0.32145953
2020-03-08,0.3207479
2020-03-09,0.33648717
2020-03-10,0.43747884
2020-03-11,0.3895675
2020-03-12,0.42445493
2020-03-13,0.5588904
2020-03-14,0.43575108
2020-03-15,0.4279663
2020-03-16,0.43775553
2020-03-17,0.62305164
2020-03-18,0.6505344
2020-03-19,0.6452794
2020-03-20,0.6497244
2020-03-21,0.5942812
2020-03-22,0.5854857
2020-03-23,0.5957978
2020-03-24,0.5723182
2020-03-25,0.5820191
2020-03-26,0.4997725
2020-03-27,0.53264934
2020-03-28,0.5712204
2020-03-29,0.56582206
2020-03-30,0.5914306
2020-03-31,0.4912901
2020-04-01,0.48316485
2020-04-02,0.51372176
2020-04-03,0.4765402
2020-04-04,0.4368829
2020-04-05,0.43918175
2020-04-06,0.4307981
2020-04-07,0.4237808
2020-04-08,0.4266956
2020-04-09,0.41066182
2020-04-10,0.3895837
2020-04-11,0.39415097
2020-04-12,0.39865065
2020-04-13,0.39856648
2020-04-14,0.39681304
2020-04-15,0.3584273
2020-04-16,0.37140268
2020-04-17,0.35314167
2020-04-18,0.30515552
2020-04-19,0.31010002
2020-04-20,0.30387443
2020-04-21,0.37354368
2020-04-22,0.3939885
2020-04-23,0.35647318
2020-04-24,0.31423646
2020-04-25,0.27091306
2020-04-26,0.27098206
2020-04-27,0.2654823
2020-04-28,0.24408635
2020-04-29,0.24932495
2020-04-30,0.22958885
2020-05-01,0.25830323
2020-05-02,0.2832935
2020-05-03,0.29727376
2020-05-04,0.2812982
2020-05-05,0.26846877
2020-05-06,0.23387548
2020-05-07,0.23950326
2020-05-08,0.20834452
2020-05-09,0.19826677
2020-05-10,0.19850215
2020-05-11,0.19860797
2020-05-12,0.19971535
2020-05-13,0.21525839
2020-05-14,0.22434291
2020-05-15,0.21527192
2020-05-16,0.21047857
2020-05-17,0.21040818
2020-05-18,0.21395028
2020-05-19,0.21392259
2020-05-20,0.2286197
2020-05-21,0.19883144
2020-05-22,0.2102792
2020-05-23,0.20514093
2020-05-24,0.2061227
2020-05-25,0.20682004
2020-05-26,0.20692183
2020-05-27,0.2016458
2020-05-28,0.20245652
2020-05-29,0.2109037
2020-05-30,0.20190758
2020-05-31,0.20193653
2020-06-01,0.20158018
2020-06-02,0.21599242
2020-06-03,0.1969457
2020-06-04,0.18692876
2020-06-05,0.19422106
2020-06-06,0.19456592
2020-06-07,0.19390538
2020-06-08,0.19254544
2020-06-09,0.20733915
2020-06-10,0.23373768
2020-06-11,0.22248171
2020-06-12,0.28179818
2020-06-13,0.2476477
2020-06-14,0.23923425
2020-06-15,0.23700589
2020-06-16,0.27312273
2020-06-17,0.25784963
2020-06-18,0.2670482
2020-06-19,0.2612725
2020-06-20,0.24962772
2020-06-21,0.24764675
2020-06-22,0.25178543
2020-06-23,0.25285348
2020-06-24,0.23818707
2020-06-25,0.2778381
2020-06-26,0.25978065
2020-06-27,0.27406365
2020-06-28,0.27265534
2020-06-29,0.25148207
2020-06-30,0.25202885
2020-07-01,0.22547835
2020-07-02,0.19561774
2020-07-03,0.19175294
2020-07-04,0.19362918
2020-07-05,0.19070885
2020-07-06,0.19376324
2020-07-07,0.20553562
2020-07-08,0.22318134
2020-07-09,0.2137813
2020-07-10,0.22440799
2020-07-11,0.21317069
2020-07-12,0.21412463
2020-07-13,0.21098761
2020-07-14,0.25215414
2020-07-15,0.22125362
2020-07-16,0.19853832
2020-07-17,0.19561324
2020-07-18,0.1860621
2020-07-19,0.18591245
2020-07-20,0.18462026
2020-07-21,0.1816678
2020-07-22,0.18403725
2020-07-23,0.17926148
2020-07-24,0.18757957
2020-07-25,0.1848491
2020-07-26,0.18458416
2020-07-27,0.18727638
2020-07-28,0.17779478
2020-07-29,0.18003698
2020-07-30,0.17515445
2020-07-31,0.17687787
2020-08-01,0.18021046
2020-08-02,0.1772649
2020-08-03,0.18055105
2020-08-04,0.17301409
2020-08-05,0.17436624
2020-08-06,0.16752487
2020-08-07,0.1591859
2020-08-08,0.15786472
2020-08-09,0.15903892
2020-08-10,0.15938553
2020-08-11,0.15853466
2020-08-12,0.16124277
2020-08-13,0.15534334
2020-08-14,0.15730755
2020-08-15,0.15801686
2020-08-16,0.15784572
2020-08-17,0.16089736
2020-08-18,0.15532734
2020-08-19,0.15427811
2020-08-20,0.15368934
2020-08-21,0.15709274
2020-08-22,0.15597467
2020-08-23,0.154378
2020-08-24,0.15723899
2020-08-25,0.1532794
2020-08-26,0.15296927
2020-08-27,0.15622
2020-08-28,0.16136824
2020-08-29,0.15690735
2020-08-30,0.15816087
2020-08-31,0.15690735
2020-09-01,0.16177304
2020-09-02,0.16289397
2020-09-03,0.15909736
2020-09-04,0.21065915
2020-09-05,0.18199445
2020-09-06,0.18143448
2020-09-07,0.19469535
2020-09-08,0.1950777
2020-09-09,0.19700816
2020-09-10,0.18513618
2020-09-11,0.18612732
2020-09-12,0.17911601
2020-09-13,0.17874561
2020-09-14,0.1815282
2020-09-15,0.17777257
2020-09-16,0.17468238
2020-09-17,0.1738908
2020-09-18,0.1728045
2020-09-19,0.16685201
2020-09-20,0.1651583
2020-09-21,0.17086478
2020-09-22,0.1813441
2020-09-23,0.17539494
2020-09-24,0.17819259
2020-09-25,0.17554013
2020-09-26,0.17195441
2020-09-27,0.17421472
2020-09-28,0.17361781
2020-09-29,0.17150168
2020-09-30,0.18035716
2020-10-01,0.17341852
2020-10-02,0.17698683
2020-10-03,0.17946333
2020-10-04,0.17977487
2020-10-05,0.17979023
2020-10-06,0.1766423
2020-10-07,0.2613142
2020-10-08,0.18677601
2020-10-09,0.1888478
2020-10-10,0.19338034
2020-10-11,0.19033627
2020-10-12,0.18802899
2020-10-13,0.22071043
2020-10-14,0.23252216
2020-10-15,0.23589677
2020-10-16,0.24934302
2020-10-17,0.24652357
2020-10-18,0.2534498
2020-10-19,0.24248907
2020-10-20,0.26093364
2020-10-21,0.26450428
2020-10-22,0.25845224
2020-10-23,0.2548312
2020-10-24,0.24852192
2020-10-25,0.24799106
2020-10-26,0.2458113
2020-10-27,0.28130955
2020-10-28,0.29029077
2020-10-29,0.34120077
2020-10-30,0.3152631
2020-10-31,0.31802726
2020-11-01,0.31588864
2020-11-02,0.31794935
2020-11-03,0.33591062
2020-11-04,0.3075992
2020-11-05,0.25457066
2020-11-06,0.24120879
2020-11-07,0.21535408
2020-11-08,0.20869231
2020-11-09,0.21265802
2020-11-10,0.22030443
2020-11-11,0.22593482
2020-11-12,0.21178016
2020-11-13,0.23167755
2020-11-14,0.22231697
2020-11-15,0.21071637
2020-11-16,0.21102361
2020-11-17,0.19948363
2020-11-18,0.19585152
2020-11-19,0.20938447
2020-11-20,0.18884525
2020-11-21,0.19127573
2020-11-22,0.19261673
2020-11-23,0.18770145
2020-11-24,0.18064344
2020-11-25,0.18075906
2020-11-26,0.17726049
2020-11-27,0.17485006
2020-11-28,0.17520893
2020-11-29,0.1701871
2020-11-30,0.1756035
2020-12-01,0.16905215
2020-12-02,0.1737762
2020-12-03,0.16180277
2020-12-04,0.17041487
2020-12-05,0.17059447
2020-12-06,0.1666446
2020-12-07,0.17123921
2020-12-08,0.1769774
2020-12-09,0.17439231
2020-12-10,0.17718321
2020-12-11,0.17973119
2020-12-12,0.18432243
2020-12-13,0.18267024
2020-12-14,0.18208422
2020-12-15,0.1941838
2020-12-16,0.19930777
2020-12-17,0.18405591
2020-12-18,0.17827436
2020-12-19,0.1857213
2020-12-20,0.1845765
2020-12-21,0.17955373
2020-12-22,0.2021782
2020-12-23,0.206785
2020-12-24,0.17980024
2020-12-25,0.17227288
2020-12-26,0.17507336
2020-12-27,0.1593909
2020-12-28,0.16809112
2020-12-29,0.17758675
2020-12-30,0.18215795
2020-12-31,0.17401676
2021-01-01,0.17898424
2021-01-02,0.17413616
2021-01-03,0.1862813
2021-01-04,0.17842895
2021-01-05,0.2114281
2021-01-06,0.19142511
2021-01-07,0.18804383
2021-01-08,0.17418465
2021-01-09,0.17241494
2021-01-10,0.17185134
2021-01-11,0.1769943
2021-01-12,0.1862813
2021-01-13,0.17897749
2021-01-14,0.17085096
2021-01-15,0.18434551
2021-01-16,0.19123822
2021-01-17,0.1907351
2021-01-18,0.19132659
2021-01-19,0.19128668
2021-01-20,0.18790023
2021-01-21,0.17496264
2021-01-22,0.17033291
2021-01-23,0.18026572
2021-01-24,0.1811504
2021-01-25,0.17305152
2021-01-26,0.18701752
2021-01-27,0.18347847
2021-01-28,0.30352738
2021-01-29,0.2364066
2021-01-30,0.26939666
2021-01-31,0.28396237
2021-02-01,0.27346644
2021-02-02,0.24537739
2021-02-03,0.21283522
2021-02-04,0.17743528
2021-02-05,0.16744386
2021-02-06,0.16273437
2021-02-07,0.162263
2021-02-08,0.16671464
2021-02-09,0.17004308
2021-02-10,0.16414206
2021-02-11,0.16798985
2021-02-12,0.16537991
2021-02-13,0.1629035
2021-02-14,0.16189545
2021-02-15,0.16089141
2021-02-16,0.1608855
2021-02-17,0.16770339
2021-02-18,0.16347787
2021-02-19,0.16165702
2021-02-20,0.1607214
2021-02-21,0.16074042
2021-02-22,0.16161746
2021-02-23,0.16232745
2021-02-24,0.16278715
2021-02-25,0.17202388
2021-02-26,0.2368854
2021-02-27,0.25293893
2021-02-28,0.25277403
2021-03-01,0.24956143
2021-03-02,0.20131516
2021-03-03,0.22370186
2021-03-04,0.21857668
2021-03-05,0.21587817
2021-03-06,0.19979736
2021-03-07,0.19953053
2021-03-08,0.1997822
2021-03-09,0.20013373
2021-03-10,0.18962568
2021-03-11,0.18014751
2021-03-12,0.17367041
2021-03-13,0.1714262
2021-03-14,0.17139436
2021-03-15,0.16544902
2021-03-16,0.15523
2021-03-17,0.15140072
2021-03-18,0.1586681
2021-03-19,0.18498512
2021-03-20,0.17609188
2021-03-21,0.1746091
2021-03-22,0.17755869
2021-03-23,0.16675809
2021-03-24,0.17357795
2021-03-25,0.18029997
2021-03-26,0.16765969
2021-03-27,0.16627072
2021-03-28,0.16469964
2021-03-29,0.16589223
2021-03-30,0.16352029
2021-03-31,0.15227018
2021-04-01,0.14914857
2021-04-02,0.13199085
2021-04-03,0.13500755
2021-04-04,0.134392
2021-04-05,0.14155452
2021-04-06,0.14234842
2021-04-07,0.14051268
2021-04-08,0.14173663
2021-04-09,0.13582435
2021-04-10,0.13498168
2021-04-11,0.13641103
2021-04-12,0.14210832
2021-04-13,0.13234444
2021-04-14,0.13473533
2021-04-15,0.13239035
2021-04-16,0.13433439
2021-04-17,0.1309975
2021-04-18,0.1327203
2021-04-19,0.13395703
2021-04-20,0.13605931
2021-04-21,0.14100382
2021-04-22,0.13722208
2021-04-23,0.14057788
2021-04-24,0.13707864
2021-04-25,0.1354906
2021-04-26,0.13728331
2021-04-27,0.13680285
2021-04-28,0.14183576
2021-04-29,0.13635673
2021-04-30,0.14107299
2021-05-01,0.1423614
2021-05-02,0.1410919
2021-05-03,0.14632766
2021-05-04,0.1477263
2021-05-05,0.14533237
2021-05-06,0.14759058
2021-05-07,0.14314103
2021-05-08,0.13893545
2021-05-09,0.13636371
2021-05-10,0.13521169
2021-05-11,0.14850995
2021-05-12,0.15280834
2021-05-13,0.16458432
2021-05-14,0.15461935
2021-05-15,0.14180776
2021-05-16,0.1399821
2021-05-17,0.14348204
2021-05-18,0.14629452
2021-05-19,0.1493082
2021-05-20,0.15288356
2021-05-21,0.15102302
2021-05-22,0.1464432
2021-05-23,0.14547913
2021-05-24,0.1499475
2021-05-25,0.14580393
2021-05-26,0.14476532
2021-05-27,0.13467146
2021-05-28,0.13159898
2021-05-29,0.13904332
2021-05-30,0.12781435
2021-05-31,0.13369548
2021-06-01,0.13216631
2021-06-02,0.14393274
2021-06-03,0.1362037
2021-06-04,0.13956995
2021-06-05,0.12982114
2021-06-06,0.12777641
2021-06-07,0.13437393
2021-06-08,0.13363625
2021-06-09,0.13615723
2021-06-10,0.14017797
2021-06-11,0.13312548
2021-06-12,0.12899499
2021-06-13,0.1254887
2021-06-14,0.13093074
2021-06-15,0.13396582
2021-06-16,0.13577323
2021-06-17,0.13997163
2021-06-18,0.13798475
2021-06-19,0.14924575
2021-06-20,0.1466645
2021-06-21,0.14715646
2021-06-22,0.14369255
2021-06-23,0.13417375
2021-06-24,0.12839246
2021-06-25,0.13155137
2021-06-26,0.12829411
2021-06-27,0.1264045
2021-06-28,0.13739029
2021-06-29,0.1346753
2021-06-30,0.12853572
2021-07-01,0.13215452
2021-07-02,0.1264092
2021-07-03,0.12854102
2021-07-04,0.12417287
2021-07-05,0.13085064
2021-07-06,0.12944354
2021-07-07,0.13931854
2021-07-08,0.12771365
2021-07-09,0.14138894
2021-07-10,0.13047773
2021-07-11,0.13284026
2021-07-12,0.13313034
2021-07-13,0.1347149
2021-07-14,0.14146039
2021-07-15,0.132615
2021-07-16,0.13882406
2021-07-17,0.1430473
2021-07-18,0.14193532
2021-07-19,0.1468559
2021-07-20,0.15292257
2021-07-21,0.14685413
2021-07-22,0.14413656
2021-07-23,0.1373419
2021-07-24,0.13820778
2021-07-25,0.13547567
2021-07-26,0.1409056
2021-07-27,0.138542
2021-07-28,0.14566328
2021-07-29,0.14344168
2021-07-30,0.14047639
2021-07-31,0.14162199
2021-08-01,0.14028747
2021-08-02,0.14094676
2021-08-03,0.14537284
2021-08-04,0.13831033
2021-08-05,0.13662112
2021-08-06,0.141563
2021-08-07,0.13204455
2021-08-08,0.12725268
2021-08-09,0.13838986
2021-08-10,0.13624495
2021-08-11,0.14309941
2021-08-12,0.13097955
2021-08-13,0.12803617
2021-08-14,0.12818466
2021-08-15,0.1275498
2021-08-16,0.12712313
2021-08-17,0.13413242
2021-08-18,0.13941784
2021-08-19,0.15050615
2021-08-20,0.14986417
2021-08-21,0.14020152
2021-08-22,0.13942681
2021-08-23,0.14867334
2021-08-24,0.141286
2021-08-25,0.1353285
2021-08-26,0.13225782
2021-08-27,0.13981067
2021-08-28,0.12993944
2021-08-29,0.13583247
2021-08-30,0.13317081
2021-08-31,0.12981607
2021-09-01,0.13746153
2021-09-02,0.13045333
2021-09-03,0.13035996
2021-09-04,0.1319208
2021-09-05,0.1310063
2021-09-06,0.13925481
2021-09-07,0.1389747
2021-09-08,0.1438607
2021-09-09,0.13952881
2021-09-10,0.13995019
2021-09-11,0.14792904
2021-09-12,0.14816067
2021-09-13,0.15037102
2021-09-14,0.14917342
2021-09-15,0.14612272
2021-09-16,0.13991308
2021-09-17,0.13883586
2021-09-18,0.14720449
2021-09-19,0.14699891
2021-09-20,0.14737384
2021-09-21,0.15884867
2021-09-22,0.15652029
2021-09-23,0.14797893
2021-09-24,0.14058875
2021-09-25,0.13747603
2021-09-26,0.13728581
2021-09-27,0.13843352
2021-09-28,0.14832479
2021-09-29,0.15515962
2021-09-30,0.15334913
2021-10-01,0.15472662
2021-10-02,0.15004733
2021-10-03,0.1502044
2021-10-04,0.15195878
2021-10-05,0.15449071
2021-10-06,0.14921205
2021-10-07,0.15058866
2021-10-08,0.14443992
2021-10-09,0.14128402
2021-10-10,0.14854042
2021-10-11,0.14264448
2021-10-12,0.14564951
2021-10-13,0.14462097
2021-10-14,0.14173312
2021-10-15,0.13447052
2021-10-16,0.12892261
2021-10-17,0.13123539
2021-10-18,0.13907124
2021-10-19,0.1366782
2021-10-20,0.12688966
2021-10-21,0.12425308
2021-10-22,0.122612774
2021-10-23,0.12873015
2021-10-24,0.12541209
2021-10-25,0.1345433
2021-10-26,0.12770009
2021-10-27,0.13115835
2021-10-28,0.1320547
2021-10-29,0.13267651
2021-10-30,0.13024923
2021-10-31,0.12842086
2021-11-01,0.13217464
2021-11-02,0.13524741
2021-11-03,0.1317535
2021-11-04,0.13319598
2021-11-05,0.13235801
2021-11-06,0.13929656
2021-11-07,0.13932957
2021-11-08,0.14100362
2021-11-09,0.14453359
2021-11-10,0.14127232
2021-11-11,0.13869302
2021-11-12,0.1351789
2021-11-13,0.13833272
2021-11-14,0.13058211
2021-11-15,0.13727659
2021-11-16,0.13375589
2021-11-17,0.13368033
2021-11-18,0.13632911
2021-11-19,0.13993493
2021-11-20,0.13938724
2021-11-21,0.1444356
2021-11-22,0.13798355
2021-11-23,0.14325535
2021-11-24,0.1437972
2021-11-25,0.14273296
2021-11-26,0.1390542
2021-11-27,0.16781479
2021-11-28,0.16863379
2021-11-29,0.16447721
2021-11-30,0.15444243
2021-12-01,0.16241612
2021-12-02,0.16649735
2021-12-03,0.16449456
2021-12-04,0.16236821
2021-12-05,0.16331325
2021-12-06,0.16324317
2021-12-07,0.16329084
2021-12-08,0.15166819
2021-12-09,0.14483237
2021-12-10,0.14883699
2021-12-11,0.14046893
2021-12-12,0.14080735
2021-12-13,0.14671499
2021-12-14,0.15047641
2021-12-15,0.15037934
2021-12-16,0.14495344
2021-12-17,0.14995782
2021-12-18,0.1511941
2021-12-19,0.15043758
2021-12-20,0.1526536
2021-12-21,0.15423793
2021-12-22,0.15101354
2021-12-23,0.14287499
2021-12-24,0.14376009
2021-12-25,0.13875699
2021-12-26,0.14495604
2021-12-27,0.1467646
2021-12-28,0.1432307
2021-12-29,0.13786444
2021-12-30,0.1342065
2021-12-31,0.1382662
2022-01-01,0.13779534
2022-01-02,0.14091842
2022-01-03,0.13983044
2022-01-04,0.13678119
2022-01-05,0.14101031
2022-01-06,0.145987
2022-01-07,0.15011358
2022-01-08,0.13995156
2022-01-09,0.14406282
2022-01-10,0.14222714
2022-01-11,0.14670628
2022-01-12,0.14033866
2022-01-13,0.13745928
2022-01-14,0.14648888
2022-01-15,0.14228891
2022-01-16,0.14764805
2022-01-17,0.15389872
2022-01-18,0.14788319
2022-01-19,0.15278535
2022-01-20,0.15528065
2022-01-21,0.16038255
2022-01-22,0.16362596
2022-01-23,0.16740651
2022-01-24,0.16376922
2022-01-25,0.16331184
2022-01-26,0.16247943
2022-01-27,0.16381042
2022-01-28,0.16287431
2022-01-29,0.16101447
2022-01-30,0.1610344
2022-01-31,0.16043216
2022-02-01,0.15723129
2022-02-02,0.15235025
2022-02-03,0.15173174
2022-02-04,0.1578956
2022-02-05,0.15513648
2022-02-06,0.15497644
2022-02-07,0.15501505
2022-02-08,0.15390238
2022-02-09,0.15027206
2022-02-10,0.1447086
2022-02-11,0.15623845
2022-02-12,0.16319934
2022-02-13,0.16237977
2022-02-14,0.16079107
2022-02-15,0.16177271
2022-02-16,0.16061723
2022-02-17,0.1568038
2022-02-18,0.16454893
2022-02-19,0.16129354
2022-02-20,0.16246504
2022-02-21,0.16266993
2022-02-22,0.16330093
2022-02-23,0.16195558
2022-02-24,0.16845725
2022-02-25,0.16223603
2022-02-26,0.16143209
2022-02-27,0.16113825
2022-02-28,0.16147356
2022-03-01,0.16416493
2022-03-02,0.16660398
2022-03-03,0.16711698
2022-03-04,0.16446038
2022-03-05,0.16698956
2022-03-06,0.16697465
2022-03-07,0.16850355
2022-03-08,0.17561276
2022-03-09,0.16616485
2022-03-10,0.16893686
2022-03-11,0.1652886
2022-03-12,0.16492875
2022-03-13,0.16515936
2022-03-14,0.16795987
2022-03-15,0.16507053
2022-03-16,0.16503607
2022-03-17,0.15892589
2022-03-18,0.1593819
2022-03-19,0.15593445
2022-03-20,0.15687977
2022-03-21,0.15594716
2022-03-22,0.15511131
2022-03-23,0.15425286
2022-03-24,0.15613136
2022-03-25,0.1512193
2022-03-26,0.15148741
2022-03-27,0.15142131
2022-03-28,0.15691322
2022-03-29,0.15302217
2022-03-30,0.147571
2022-03-31,0.14378844
2022-04-01,0.14665182
2022-04-02,0.14533365
2022-04-03,0.14815453
2022-04-04,0.14377135
2022-04-05,0.14144959
2022-04-06,0.14990172
2022-04-07,0.15301032
2022-04-08,0.1524926
2022-04-09,0.14989421
2022-04-10,0.14860599
2022-04-11,0.15501246
2022-04-12,0.15601893
2022-04-13,0.15727943
2022-04-14,0.15050565
2022-04-15,0.15388255
2022-04-16,0.1534458
2022-04-17,0.15295212
2022-04-18,0.15363975
2022-04-19,0.1517114
2022-04-20,0.15395898
2022-04-21,0.14613523
2022-04-22,0.15380558
2022-04-23,0.1626675
2022-04-24,0.16389765
2022-04-25,0.16317028
2022-04-26,0.16078363
2022-04-27,0.17301434
2022-04-28,0.17195109
2022-04-29,0.16699685
2022-04-30,0.16786271
2022-05-01,0.16725083
2022-05-02,0.16550307
2022-05-03,0.16914356
2022-05-04,0.16635162
2022-05-05,0.15908597
2022-05-06,0.16912301
2022-05-07,0.1621596
2022-05-08,0.16556913
2022-05-09,0.16464768
2022-05-10,0.17730238
2022-05-11,0.1657723
2022-05-12,0.16923612
2022-05-13,0.16391195
2022-05-14,0.16390441
2022-05-15,0.16417898
2022-05-16,0.16287099
2022-05-17,0.16235195
2022-05-18,0.16128206
2022-05-19,0.16748667
2022-05-20,0.16351148
2022-05-21,0.16131441
2022-05-22,0.16188034
2022-05-23,0.16069485
2022-05-24,0.16346967
2022-05-25,0.16356562
2022-05-26,0.1645319
2022-05-27,0.16210443
2022-05-28,0.15920942
2022-05-29,0.16052401
2022-05-30,0.16071151
2022-05-31,0.16245654
2022-06-01,0.1613768
2022-06-02,0.15875006
2022-06-03,0.15766363
2022-06-04,0.1574973
2022-06-05,0.15893105
2022-06-06,0.15785585
2022-06-07,0.1587902
2022-06-08,0.15613696
2022-06-09,0.15712196
2022-06-10,0.16024745
2022-06-11,0.16470651
2022-06-12,0.16529495
2022-06-13,0.16327804
2022-06-14,0.17501298
2022-06-15,0.16887534
2022-06-16,0.16259497
2022-06-17,0.16645066
2022-06-18,0.16747531
2022-06-19,0.16487554
2022-06-20,0.16426626
2022-06-21,0.16429923
2022-06-22,0.16605316
2022-06-23,0.16431403
2022-06-24,0.16594912
2022-06-25,0.16280001
2022-06-26,0.1635671
2022-06-27,0.16008154
2022-06-28,0.1615632
2022-06-29,0.1617011
2022-06-30,0.16360311
2022-07-01,0.162483
2022-07-02,0.15984099
2022-07-03,0.16086076
2022-07-04,0.16075864
2022-07-05,0.16181049
2022-07-06,0.1611593
2022-07-07,0.16193284
2022-07-08,0.16169034
2022-07-09,0.15855941
2022-07-10,0.15855914
2022-07-11,0.15669686
2022-07-12,0.15924257
2022-07-13,0.1618492
2022-07-14,0.16287234
2022-07-15,0.15902972
2022-07-16,0.15616328
2022-07-17,0.15608644
2022-07-18,0.1563652
2022-07-19,0.15797524
2022-07-20,0.15686753
2022-07-21,0.15687901
2022-07-22,0.1548916
2022-07-23,0.1547444
2022-07-24,0.15434581
2022-07-25,0.15499532
2022-07-26,0.15555853
2022-07-27,0.15870297
2022-07-28,0.15500912
2022-07-29,0.15286006
2022-07-30,0.15057884
2022-07-31,0.14872338
2022-08-01,0.15011346
2022-08-02,0.15420865
2022-08-03,0.15675889
2022-08-04,0.15165262
2022-08-05,0.14903532
2022-08-06,0.14913931
2022-08-07,0.15322904
2022-08-08,0.15167004
2022-08-09,0.15266289
2022-08-10,0.15249492
2022-08-11,0.14401978
2022-08-12,0.14673221
2022-08-13,0.14275053
2022-08-14,0.14485607
2022-08-15,0.14404401
2022-08-16,0.14802444
2022-08-17,0.14512163
2022-08-18,0.14509507
2022-08-19,0.14385112
2022-08-20,0.14704333
2022-08-21,0.14613587
2022-08-22,0.14946172
2022-08-23,0.15584135
2022-08-24,0.15742442
2022-08-25,0.154009
2022-08-26,0.1497377
2022-08-27,0.15937112
2022-08-28,0.15927726
2022-08-29,0.15900059
2022-08-30,0.16164619
2022-08-31,0.16121788
2022-09-01,0.16016121
2022-09-02,0.15988643
2022-09-03,0.16040197
2022-09-04,0.16038573
2022-09-05,0.15919147
2022-09-06,0.15914224
2022-09-07,0.16272913
2022-09-08,0.15817198
2022-09-09,0.15456589
2022-09-10,0.1522879
2022-09-11,0.15223789
2022-09-12,0.1539855
2022-09-13,0.15600748
2022-09-14,0.16240752
2022-09-15,0.16090032
2022-09-16,0.16062315
2022-09-17,0.16104133
2022-09-18,0.16093491
2022-09-19,0.16072859
2022-09-20,0.1606749
2022-09-21,0.16378209
2022-09-22,0.16434167
2022-09-23,0.16228285
2022-09-24,0.16407631
2022-09-25,0.16507481
2022-09-26,0.16427156
2022-09-27,0.1717054
2022-09-28,0.16440398
2022-09-29,0.16367951
2022-09-30,0.16993402
2022-10-01,0.16428772
2022-10-02,0.16807811
2022-10-03,0.16608572
2022-10-04,0.16402067
2022-10-05,0.16483551
2022-10-06,0.16233778
2022-10-07,0.16510418
2022-10-08,0.16606966
2022-10-09,0.16889504
2022-10-10,0.16679734
2022-10-11,0.16663265
2022-10-12,0.16670239
2022-10-13,0.16981873
2022-10-14,0.16440104
2022-10-15,0.16373828
2022-10-16,0.16635157
2022-10-17,0.16345957
2022-10-18,0.1692522
2022-10-19,0.16869164
2022-10-20,0.17043725
2022-10-21,0.167242
2022-10-22,0.16539265
2022-10-23,0.16740079
2022-10-24,0.16386569
2022-10-25,0.16386507
2022-10-26,0.16539985
2022-10-27,0.16320811
2022-10-28,0.16153854
2022-10-29,0.15817131
2022-10-30,0.16035977
2022-10-31,0.16026732
2022-11-01,0.15913728
2022-11-02,0.15994829
2022-11-03,0.16049878
2022-11-04,0.15868302
2022-11-05,0.15782514
2022-11-06,0.15843731
2022-11-07,0.1577769
2022-11-08,0.15603888
2022-11-09,0.1593252
2022-11-10,0.1596375
2022-11-11,0.15596084
2022-11-12,0.15391472
2022-11-13,0.15409607
2022-11-14,0.15411624
2022-11-15,0.15549256
2022-11-16,0.15760286
2022-11-17,0.15742105
2022-11-18,0.1568295
2022-11-19,0.15476714
2022-11-20,0.1549551
2022-11-21,0.15530682
2022-11-22,0.15286702
2022-11-23,0.15020686
2022-11-24,0.15019843
2022-11-25,0.15079266
2022-11-26,0.15041263
2022-11-27,0.14785865
2022-11-28,0.15004624
2022-11-29,0.15335234
2022-11-30,0.15071513
2022-12-01,0.14963678
2022-12-02,0.1495497
2022-12-03,0.14099035
2022-12-04,0.1424942
2022-12-05,0.15203883
2022-12-06,0.15138538
2022-12-07,0.15216687
2022-12-08,0.15376917
2022-12-09,0.15163493
2022-12-10,0.15417072
2022-12-11,0.15219626
2022-12-12,0.15449427
2022-12-13,0.15770449
2022-12-14,0.15429395
2022-12-15,0.15131761
2022-12-16,0.15398313
2022-12-17,0.15312481
2022-12-18,0.15257783
2022-12-19,0.15321305
2022-12-20,0.15222706
2022-12-21,0.14924231
2022-12-22,0.14842932
2022-12-23,0.15255128
2022-12-24,0.1478165
2022-12-25,0.14781041
2022-12-26,0.15545902
2022-12-27,0.15104087
2022-12-28,0.14950162
2022-12-29,0.15137643
2022-12-30,0.15055896
2022-12-31,0.15278637
2023-01-01,0.15201694
2023-01-02,0.15977603
2023-01-03,0.15254106
2023-01-04,0.15440425
2023-01-05,0.15173672
2023-01-06,0.1534697
2023-01-07,0.15172707
2023-01-08,0.15206778
2023-01-09,0.15296786
2023-01-10,0.15266171
2023-01-11,0.15601717
2023-01-12,0.1557888
2023-01-13,0.14790693
2023-01-14,0.14295232
2023-01-15,0.1457473
2023-01-16,0.14832135
2023-01-17,0.14835565
2023-01-18,0.14266275
2023-01-19,0.15427251
2023-01-20,0.14736491
2023-01-21,0.14654614
2023-01-22,0.14551564
2023-01-23,0.15129437
2023-01-24,0.15406694
2023-01-25,0.14435601
2023-01-26,0.14457515
2023-01-27,0.1406582
2023-01-28,0.14140175
2023-01-29,0.14157964
2023-01-30,0.14739898
2023-01-31,0.14988492
2023-02-01,0.1474043
2023-02-02,0.1442836
2023-02-03,0.142747
2023-02-04,0.14177038
2023-02-05,0.14107458
2023-02-06,0.14075336
2023-02-07,0.1491705
2023-02-08,0.14772747
2023-02-09,0.1467935
2023-02-10,0.14942627
2023-02-11,0.14687428
2023-02-12,0.14797588
2023-02-13,0.14600016
2023-02-14,0.1458334
2023-02-15,0.14348057
2023-02-16,0.14581874
2023-02-17,0.15065536
2023-02-18,0.1454435
2023-02-19,0.14852622
2023-02-20,0.14560544
2023-02-21,0.1486216
2023-02-22,0.15256262
2023-02-23,0.15297166
2023-02-24,0.15225923
2023-02-25,0.14980665
2023-02-26,0.14910217
2023-02-27,0.14981279
2023-02-28,0.14968327
2023-03-01,0.14695309
2023-03-02,0.14659281
2023-03-03,0.14828682
2023-03-04,0.14033343
2023-03-05,0.14096643
2023-03-06,0.14153096
2023-03-07,0.14070384
2023-03-08,0.14463194
2023-03-09,0.14165336
2023-03-10,0.15366632
2023-03-11,0.15750709
2023-03-12,0.15845755
2023-03-13,0.15846404
2023-03-14,0.15895954
2023-03-15,0.15563701
2023-03-16,0.15916626
2023-03-17,0.15504943
2023-03-18,0.157272
2023-03-19,0.1601056
2023-03-20,0.15767962
2023-03-21,0.15652792
2023-03-22,0.14970398
2023-03-23,0.15447986
2023-03-24,0.15508899
2023-03-25,0.15253264
2023-03-26,0.15167968
2023-03-27,0.15221575
2023-03-28,0.14912343
2023-03-29,0.14638619
2023-03-30,0.14426146
2023-03-31,0.14170572
2023-04-01,0.14422636
2023-04-02,0.14206599
2023-04-03,0.15054493
2023-04-04,0.14411241
2023-04-05,0.146164
2023-04-06,0.14281452
2023-04-07,0.13706529
2023-04-08,0.13859354
2023-04-09,0.14152409
2023-04-10,0.146499
2023-04-11,0.14296983
2023-04-12,0.1463213
2023-04-13,0.14322133
2023-04-14,0.1461035
2023-04-15,0.13130759
2023-04-16,0.131985
2023-04-17,0.14451815
2023-04-18,0.13086748
2023-04-19,0.1402682
2023-04-20,0.13509706
2023-04-21,0.13610575
2023-04-22,0.1355363
2023-04-23,0.13528778
2023-04-24,0.13610739
2023-04-25,0.13797855
2023-04-26,0.14185007
2023-04-27,0.14392798
2023-04-28,0.1393137
2023-04-29,0.12955655
2023-04-30,0.1295478
2023-05-01,0.13616408
2023-05-02,0.14083767
2023-05-03,0.14706449
2023-05-04,0.14287145
2023-05-05,0.14593211
2023-05-06,0.1365371
2023-05-07,0.13586836
2023-05-08,0.13952905
2023-05-09,0.14327727
2023-05-10,0.14213231
2023-05-11,0.13345739
2023-05-12,0.13860852
2023-05-13,0.14163409
2023-05-14,0.14320658
2023-05-15,0.1416147
2023-05-16,0.13582957
2023-05-17,0.13677251
2023-05-18,0.13601294
2023-05-19,0.13752751
2023-05-20,0.13543867
2023-05-21,0.14059727
2023-05-22,0.14289649
2023-05-23,0.14533652
2023-05-24,0.14464241
2023-05-25,0.15232573
2023-05-26,0.14905438
2023-05-27,0.14544745
2023-05-28,0.14238313
2023-05-29,0.14627257
2023-05-30,0.13630372
2023-05-31,0.13772334
2023-06-01,0.14662269
2023-06-02,0.13125546
2023-06-03,0.12371207
2023-06-04,0.120283514
2023-06-05,0.12812907
2023-06-06,0.12726805
2023-06-07,0.116330884
2023-06-08,0.12231581
2023-06-09,0.118130095
2023-06-10,0.11555751
2023-06-11,0.11604732
2023-06-12,0.11851607
2023-06-13,0.13287711
2023-06-14,0.12482507
2023-06-15,0.12510341
2023-06-16,0.121522605
2023-06-17,0.113644876
2023-06-18,0.1140614
2023-06-19,0.12076801
2023-06-20,0.13131812
2023-06-21,0.12811267
2023-06-22,0.112170465
2023-06-23,0.11118148
2023-06-24,0.11438673
2023-06-25,0.122542426
2023-06-26,0.12735972
2023-06-27,0.12624103
2023-06-28,0.122157216
2023-06-29,0.122075096
2023-06-30,0.11937081
2023-07-01,0.11760376
2023-07-02,0.116527066
2023-07-03,0.1206207
2023-07-04,0.114002496
2023-07-05,0.11437105
2023-07-06,0.12434304
2023-07-07,0.12269673
2023-07-08,0.12506992
2023-07-09,0.12863983
2023-07-10,0.12271535
2023-07-11,0.12059806
2023-07-12,0.119572446
2023-07-13,0.11641846
2023-07-14,0.115431935
2023-07-15,0.124575645
2023-07-16,0.111992806
2023-07-17,0.11436047
2023-07-18,0.12240836
2023-07-19,0.11726718
2023-07-20,0.11309096
2023-07-21,0.1300605
2023-07-22,0.11563936
2023-07-23,0.1157454
2023-07-24,0.12169367
2023-07-25,0.12019812
2023-07-26,0.11387894
2023-07-27,0.12462361
2023-07-28,0.12371644
2023-07-29,0.11438764
2023-07-30,0.117297515
2023-07-31,0.121501684
2023-08-01,0.11599269
2023-08-02,0.12424397
2023-08-03,0.13304287
2023-08-04,0.12699361
2023-08-05,0.13315687
2023-08-06,0.13242103
2023-08-07,0.13578136
2023-08-08,0.12562153
2023-08-09,0.1260966
2023-08-10,0.12877347
2023-08-11,0.12620467
2023-08-12,0.13081612
2023-08-13,0.12231133
2023-08-14,0.121460326
2023-08-15,0.13279316
2023-08-16,0.12853414
2023-08-17,0.1364525
2023-08-18,0.13881859
2023-08-19,0.13212824
2023-08-20,0.13352245
2023-08-21,0.13899082
2023-08-22,0.13786416
2023-08-23,0.13104099
2023-08-24,0.13396126
2023-08-25,0.13496324
2023-08-26,0.13358912
2023-08-27,0.13582213
2023-08-28,0.131747
2023-08-29,0.12317717
2023-08-30,0.12011782
2023-08-31,0.1162536
2023-09-01,0.12363138
2023-09-02,0.11128861
2023-09-03,0.11956109
2023-09-04,0.12193242
2023-09-05,0.114331335
2023-09-06,0.11663385
2023-09-07,0.118177265
2023-09-08,0.12197707
2023-09-09,0.11368873
2023-09-10,0.11591816
2023-09-11,0.116292164
2023-09-12,0.11715318
2023-09-13,0.12164655
2023-09-14,0.12072909
2023-09-15,0.114984535
2023-09-16,0.11562114
2023-09-17,0.11320802
2023-09-18,0.122438766
2023-09-19,0.1166316
2023-09-20,0.12522364
2023-09-21,0.12543796
2023-09-22,0.13755745
2023-09-23,0.13186523
2023-09-24,0.13242912
2023-09-25,0.13316996
2023-09-26,0.12826763
2023-09-27,0.14495806
2023-09-28,0.14326027
2023-09-29,0.13765535
2023-09-30,0.13958627
2023-10-01,0.13832425
2023-10-02,0.13995966
2023-10-03,0.13665509
2023-10-04,0.14563996
2023-10-05,0.14645797
2023-10-06,0.13824187
2023-10-07,0.13911177
2023-10-08,0.13873528
2023-10-09,0.14548475
2023-10-10,0.14620447
2023-10-11,0.13827167
2023-10-12,0.1375213
2023-10-13,0.14053534
2023-10-14,0.14297713
2023-10-15,0.14332226
2023-10-16,0.15578124
2023-10-17,0.13820535
2023-10-18,0.13896635
2023-10-19,0.14319848
2023-10-20,0.15431905
2023-10-21,0.15442999
2023-10-22,0.14993885
2023-10-23,0.15183794
2023-10-24,0.14963184
2023-10-25,0.14167489
2023-10-26,0.14737204
2023-10-27,0.14625633
2023-10-28,0.14885218
2023-10-29,0.14826062
2023-10-30,0.14857079
2023-10-31,0.1485779
2023-11-01,0.13618764
2023-11-02,0.13693492
2023-11-03,0.12513831
2023-11-04,0.12273481
2023-11-05,0.11985037
2023-11-06,0.124135286
2023-11-07,0.1345199
2023-11-08,0.12693009
2023-11-09,0.12500985
2023-11-10,0.13069424
2023-11-11,0.12485243
2023-11-12,0.11780284
2023-11-13,0.1259633
2023-11-14,0.12622803
2023-11-15,0.12895636
2023-11-16,0.11814255
2023-11-17,0.12612748
2023-11-18,0.124848366
2023-11-19,0.1152799
2023-11-20,0.12167069
2023-11-21,0.11177243
2023-11-22,0.12697683
2023-11-23,0.110276446
2023-11-24,0.106276445
2023-11-25,0.11051082
2023-11-26,0.106036186
2023-11-27,0.11402968
2023-11-28,0.111348316
2023-11-29,0.11294276
2023-11-30,0.11303155
2023-12-01,0.11877607
2023-12-02,0.10661048
2023-12-03,0.10828315
2023-12-04,0.114740506
2023-12-05,0.110209174
2023-12-06,0.12408239
2023-12-07,0.113119416
2023-12-08,0.11209291
2023-12-09,0.107427575
2023-12-10,0.109733984
2023-12-11,0.11736347
2023-12-12,0.114066884
2023-12-13,0.103212915
2023-12-14,0.109821744
2023-12-15,0.11115755
2023-12-16,0.106611855
2023-12-17,0.105657056
2023-12-18,0.10964751
2023-12-19,0.122008786
2023-12-20,0.11936095
2023-12-21,0.1167233
2023-12-22,0.11814604
2023-12-23,0.11030291
2023-12-24,0.12117307
2023-12-25,0.11321713
2023-12-26,0.1124263
2023-12-27,0.11567134
2023-12-28,0.11568053
2023-12-29,0.11732658
2023-12-30,0.11236243
2023-12-31,0.114831984
